{"initial_reset_timestamp": 1560008642.3978713, "timestamps": [1560008643.2032626], "episode_lengths": [579], "episode_rewards": [110.0], "episode_types": ["t"]}